Chef - Greek,Collete,Teresse,7516104654,4681 Mockingbird Plaza,Uyuni,CF10 1AA,00:29:00,05/10/22
Chef - Greek,Kai,O'Conor,7748916127,7 Portage Trail,Probolinggo,CF10 1AB,03:45:50,10/16/22
Chef - Greek,Stormie,Foale,1919386735,8 Moland Trail,BesanÃ§on,CF10 1AD,10:53:12,05/20/22
Chef - Greek,Hinze,Oller,6961967662,1 Menomonie Place,Tewulike,CF10 1AE,00:11:03,08/22/22
Chef - Greek,Diann,Farman,1971649451,1 Kensington Avenue,Issy-les-Moulineaux,CF10 1AF,14:39:05,11/20/22
Chef - Greek,Hendrick,Aloway,9828747106,8750 Jenifer Trail,Perpignan,CF10 1AG,16:10:12,09/13/22
Chef - Greek,Tamarra,Elmhurst,9492201300,3 Memorial Avenue,Keetmanshoop,CF10 1AH,07:24:09,12/07/22
Chef - Greek,Rennie,Cottage,4572091598,3 Lukken Circle,Jizhou,CF10 1AJ,12:45:43,03/31/22
Chef - Greek,Jaquelyn,Olenikov,7978736005,391 Sachtjen Avenue,San JosÃ© de los Remates,CF10 1AL,20:57:14,04/18/22
Chef - Greek,Carline,Ansley,5848376850,476 Brickson Park Hill,Liverpool,CF10 1AP,07:42:34,01/24/23
Chef - Greek,Derek,Cristofari,4796823796,4831 Browning Lane,Villa Bustos,CF10 1AQ,02:57:42,02/13/23
Chef - Greek,Derby,Gally,6836842011,7613 Dapin Circle,Yanji,CF10 1AR,14:02:13,10/17/22
Chef - Greek,Marieann,Pyner,8594272614,96724 Eastlawn Road,Kanggye-si,CF10 1AS,19:26:20,10/24/22
Chef - Greek,Hunter,Bentsen,1553241053,047 Vernon Junction,Báº£o Lá»™c,CF10 1AT,23:09:45,02/28/23
Chef - Greek,Petronilla,Belly,4074102064,1 Farwell Trail,PaÃ§o,CF10 1AU,15:56:10,10/12/22
Chef - Greek,Nicolas,Berzin,3479940533,5 East Court,Kozlovice,CF10 1AW,01:20:22,04/14/22
Chef - Greek,Alvan,Teather,7342575734,7895 Roth Trail,Dearborn,CF10 1AX,16:56:13,11/29/22
Chef - Greek,Moritz,Buddle,8357627151,86102 Anderson Plaza,Petaling Jaya,CF10 1AY,10:11:17,07/03/22
Chef - Greek,Brannon,Foxley,2702467622,2088 Mockingbird Way,Sumurwaru,CF10 1AZ,14:59:24,07/30/22
Chef - Greek,Laryssa,Danielsen,9605439826,7 Melvin Center,Pomacanchi,CF10 1BA,21:14:22,09/17/22
Chef - Greek,Karel,Faircley,5945543002,31 Kensington Alley,Ngulakan,CF10 1BB,07:34:38,03/21/22
Chef - Greek,Livvie,Amor,6994865439,5566 Weeping Birch Point,Wendo,CF10 1BD,01:47:34,06/18/22
Chef - Greek,Gabi,Broseke,6775925689,5418 Center Drive,Rudnya,CF10 1BE,00:44:29,11/05/22
Chef - Greek,Orson,Aucutt,5946195767,3 Armistice Road,Luotuo,CF10 1BF,21:30:23,06/08/22
Chef - Greek,Glenn,Maber,4564426345,9292 Marcy Avenue,Koungheul,CF10 1BG,10:13:10,01/19/23
Chef - Greek,Marshall,Dowson,7804435439,6112 Prairieview Center,LijeÅ¡nica,CF10 1BH,19:21:52,01/04/23
Chef - Greek,Allyn,Follows,5605019528,7 Loomis Street,Cibanten,CF10 1BJ,02:57:28,10/13/22
Chef - Greek,Glynda,MacCarter,5802688478,62195 Forest Dale Parkway,Konstantinovskoye,CF10 1BL,13:58:39,08/28/22
Chef - Greek,Ellie,Roblou,2088582456,8 Maple Avenue,Suidong,CF10 1BN,18:43:10,07/29/22
Chef - Greek,Ashely,Britian,1448611257,930 Fordem Center,Cullinan,CF10 1BP,12:36:31,01/12/23
Chef - Greek,Perry,Conelly,4169592054,6 Corscot Lane,QuintÃ£s,CF10 1BQ,22:56:38,01/01/23
Chef - Greek,Sigismund,Geratt,6358778141,10103 Carberry Crossing,Novaya Lyalya,CF10 1BR,11:07:34,07/27/22
Chef - Greek,Ariana,Wordsworth,2154567629,99 Raven Terrace,Qiaole,CF10 1BS,01:26:09,12/21/22
Chef - Greek,Andee,O' Sullivan,1288516835,8 3rd Drive,Pulau Tiga,CF10 1BT,09:49:07,05/05/22
Chef - Greek,Dacy,Catcheside,3017372139,209 Dexter Drive,CabaÃ±as,CF10 1BU,06:34:44,12/01/22
Chef - Greek,Maximo,Malam,3025406933,20 Ridge Oak Plaza,Nova PetrÃ³polis,CF10 1BW,11:52:30,10/30/22
Chef - Greek,Shepperd,Bidgood,8305035605,41 Ruskin Place,Qijiawan,CF10 1BX,08:05:26,12/09/22
Chef - Greek,Kristian,Goodwyn,9457223547,18 La Follette Trail,Naschel,CF10 1BY,18:53:07,03/23/22
Chef - Greek,Jenifer,Jerrems,3965159616,4 Armistice Center,Xiazhai,CF10 1BZ,03:54:45,03/15/22
Chef - Greek,Yard,Leser,7926652238,9 Meadow Valley Hill,Recreio,CF10 1DA,04:27:14,08/21/22
Chef - Greek,Ferrel,Clohessy,6393526816,9 Macpherson Hill,Salto de Pirapora,CF10 1DB,22:13:10,05/31/22
Chef - Greek,Felicity,Rivelon,1991419238,2 David Place,Giade,CF10 1DD,22:26:38,03/18/22
Chef - Greek,Dougy,Bourley,7601834019,080 Valley Edge Parkway,Ciomas,CF10 1DE,02:06:31,09/29/22
Chef - Greek,Ranice,MacCart,9411386523,33442 Drewry Park,Leskovec pri KrÅ¡kem,CF10 1DF,11:15:33,10/31/22
Chef - Greek,Lacey,Mollene,8787187128,0556 Fairfield Circle,Sembalunbumbung,CF10 1DG,01:33:43,03/27/22
Chef - Greek,Cortney,Van den Hof,3664529319,8 Mallard Park,Sovetskaya,CF10 1DH,14:20:26,09/29/22
Chef - Greek,Chery,Rogister,7469688306,6176 Manley Hill,Carcassonne,CF10 1DJ,18:04:48,10/20/22
Chef - Greek,Lynnell,Mudie,4088338418,366 Jackson Drive,Massawa,CF10 1DL,08:30:31,07/15/22
Chef - Greek,Emyle,Ceyssen,7441498751,88543 Mosinee Trail,Tanudan,CF10 1DN,15:32:54,02/15/23
Chef - Greek,Andres,Francesco,9585413432,0236 Ridgeway Court,Kristianstad,CF10 1DW,07:12:29,06/17/22
Manager,Tobe,Windle,8121844325,803 Meadow Valley Street,Calabaca,CF10 1DX,03:30:17,05/17/22
Manager,Alena,Skellington,6363941053,8888 Ridgeview Way,Taibao,CF10 1DY,00:09:34,09/27/22
Manager,Inger,Cuming,3303379188,97019 Debs Trail,Åodygowice,CF10 1DZ,15:21:29,10/09/22
Manager,Chrysa,Kimmings,3667924098,00 Forest Point,Salon-de-Provence,CF10 1EA,01:15:34,11/30/22
Manager,Sherry,Burgiss,5347076401,6 Armistice Court,Pakokku,CF10 1EB,14:12:00,04/05/22
Manager,Feodor,Defau,9471525032,46 Brickson Park Road,Huanghua,CF10 1EF,02:56:47,07/20/22
Manager,Roth,Birdwistle,3946633527,2828 Jay Drive,Rivera,CF10 1EG,19:31:56,04/05/22
Manager,Ave,Leddie,1165328656,3 Laurel Avenue,Mae Chan,CF10 1EH,11:02:05,04/05/22
Manager,Kare,Hinrichsen,9333691674,05290 Del Mar Pass,IchuÃ±a,CF10 1EP,20:47:49,12/13/22
Manager,Olin,Fakeley,7879470737,47901 Atwood Place,PelÃ³pion,CF10 1ET,22:38:48,11/19/22
Manager,Berke,Heinert,1128258540,6304 Del Mar Way,Bila Tserkva,CF10 1EU,11:17:18,02/26/23
Manager,Peterus,McIlharga,7542012757,461 Sloan Place,Matwaá¸©,CF10 1EW,19:51:43,05/15/22
Manager,Evelin,Granger,2089291169,504 Algoma Park,OsnabrÃ¼ck,CF10 1EZ,00:24:52,12/20/22
Manager,Waylin,Coutts,1663306169,866 Dunning Place,Fakel,CF10 1FA,19:57:22,02/26/23
Manager,Baxy,Jedrzejkiewicz,1044529089,13635 Petterle Plaza,Bosanski Novi,CF10 1FD,04:05:27,06/09/22
Manager,Jorry,Moreton,1174276104,1366 Golf Lane,Duyanggang,CF10 1FE,21:25:49,03/31/22
Manager,Benedicto,Scamerden,6743800653,616 Ridgeway Park,Rybnoye,CF10 1FF,17:53:22,04/23/22
Manager,Nappie,Burbudge,6463973614,787 Bunting Court,Detik Satu,CF10 1FG,00:51:13,12/30/22
Manager,Bertha,Treagust,5928998561,20 Mosinee Point,Taoshan,CF10 1FH,04:04:15,01/22/23
Manager,Christyna,Hedling,1691834949,511 Westridge Crossing,Huaranchal,CF10 1FJ,21:57:01,04/28/22
Manager,Lyman,Holah,1388718673,6 Marcy Pass,Narach,CF10 1FL,16:48:13,03/01/23
Delivery Staff,Edsel,Antonsen,7472997100,4 Rusk Road,Delaware,CF10 1FN,00:51:56,02/27/23
Delivery Staff,Sigvard,Frede,9464721426,632 Mccormick Street,Dzhankoy,CF10 1FP,23:03:20,07/11/22
Delivery Staff,Charlie,Lindermann,5654335829,00857 Fordem Trail,Columbeira,CF10 1FQ,22:40:13,05/09/22
Delivery Staff,Alica,English,4372717564,2 Texas Way,Nikolina Gora,CF10 1FR,08:47:03,03/08/22
Delivery Staff,Gale,Shelley,2493916514,506 Beilfuss Road,Shangjing,CF10 1FS,02:38:05,05/17/22
Delivery Staff,Cherie,Swallow,9016593145,75121 Kedzie Point,Tres Arroyos,CF10 1FT,12:39:02,10/27/22
Delivery Staff,Ginger,Crudge,1928033932,499 Atwood Circle,Bailadores,CF10 1GA,01:01:56,04/03/22
Delivery Staff,Carolan,Battleson,1811478389,25 Grover Crossing,Xinâ€™e,CF10 1GB,10:25:02,01/04/23
Delivery Staff,Bowie,Phythean,3308171304,10486 Atwood Place,Armenia,CF10 1GD,18:51:49,08/23/22
Delivery Staff,Lambert,Russen,7768411283,663 Fair Oaks Pass,PoÅ™Ã­ÄÃ­ nad SÃ¡zavou,CF10 1GH,07:34:16,11/30/22
Delivery Staff,Melicent,Ovett,1248339452,86355 David Park,Suzuka,CF10 1GJ,00:07:48,11/06/22
Delivery Staff,Tamra,Snelgrove,7465055968,7873 Fuller Plaza,Corbeil-Essonnes,CF10 1GL,03:43:36,08/06/22
Delivery Staff,Mariquilla,Conws,2848246215,7 Independence Circle,Arzakan,CF10 1GN,13:57:14,11/09/22
Delivery Staff,Meg,Kays,7978200072,7243 Mockingbird Way,Banjar Bali,CF10 1GP,12:39:56,04/05/22
Delivery Staff,Claudette,Poyntz,7315094142,5 Maryland Hill,Diekirch,CF10 1GR,15:09:18,04/21/22
Delivery Staff,Lacie,Von Der Empten,2541152061,475 Rigney Terrace,Mingora,CF10 1GS,07:31:58,05/23/22
Delivery Staff,Marris,Gumm,6004935225,0 Northview Avenue,Kuala Lumpur,CF10 1JA,06:47:46,05/04/22
Delivery Staff,Brynne,Kretchmer,6603951496,9252 Barnett Hill,La Virginia,CF10 1JE,08:37:18,05/17/22
Delivery Staff,Gerti,Goldthorp,8929931674,3 Huxley Park,Izazi,CF10 1LA,02:03:08,03/24/22
Delivery Staff,Kele,Iorizzo,1436295489,60244 Kings Park,Ban Tak,CF10 1NS,10:55:49,02/20/23
Delivery Staff,Ernesta,Patient,9072223185,2 Heffernan Parkway,Fairbanks,CF10 1NT,19:54:46,12/19/22
Delivery Staff,Vladimir,Trenchard,9045303272,6456 Fairview Point,FiliÃ¡tes,CF10 1PL,17:11:55,04/29/22
Delivery Staff,Andriette,Patis,3926160304,381 Hudson Avenue,Demba,CF10 1PN,07:35:18,04/30/22
Delivery Staff,Giacobo,O'Heffernan,4132304933,170 Grayhawk Avenue,Dalong,CF10 1PT,02:05:46,10/04/22
Delivery Staff,Tabbie,Waleran,4473199009,591 Shasta Alley,Hetou,CF10 1PU,17:20:10,04/18/22
Delivery Staff,Madeleine,Blakiston,1966408990,04 Fulton Drive,Nipawin,CF10 1QR,11:11:41,08/03/22
Delivery Staff,Anet,Warlock,4411919518,24 Shasta Point,ÅšmiÅ‚owo,CF10 1RH,12:52:28,02/23/23
Delivery Staff,Sargent,Champley,4496692731,5 Melby Trail,Katrineholm,CF10 1SG,15:04:28,07/18/22
Delivery Staff,Amelia,McMychem,2371511965,88031 Eliot Park,Long Layu,CF10 1SZ,20:00:45,04/16/22
Delivery Staff,Judy,Blewett,7176642996,185 Mendota Terrace,Teresina,CF10 1TD,18:26:15,03/20/22
Delivery Staff,Araldo,Lisimore,6679341632,26642 Victoria Point,Venado Tuerto,CF10 1TL,10:16:07,07/06/22
Delivery Staff,Lin,Methringham,6837384911,1 Roxbury Lane,Sabana Grande de Palenque,CF10 1TT,12:01:27,05/29/22
Delivery Staff,Esmeralda,Jacobs,2643841570,11 American Way,Yangzhong,CF10 1UA,09:27:20,07/03/22
Delivery Staff,Nannie,Wellsman,2293022839,692 Upham Plaza,Budakovo,CF10 1UL,20:25:54,09/15/22
Delivery Staff,Ignatius,Hatherall,7187894259,23 Bunker Hill Lane,Palanit,CF10 1UP,10:08:50,05/28/22
Delivery Staff,Colly,Bucknall,3184878497,20 John Wall Terrace,Benito Juarez,CF10 1WB,23:03:48,11/16/22
Delivery Staff,Antons,MacTavish,4571184568,04954 Sage Plaza,Tuam,CF10 1XB,04:53:50,10/21/22
Delivery Staff,Daryl,Hurrell,9048233844,09346 Manley Hill,Gogaran,CF10 1XD,17:50:44,02/07/23
Delivery Staff,Bryanty,Finan,8379302128,862 Clarendon Lane,Nesterov,CF10 1XR,00:11:09,08/25/22
Chef - Chinese,Betteann,Larderot,3791046613,2215 Waywood Circle,La Escondida,CF10 1XS,08:35:27,02/21/23
Chef - Chinese,Coletta,Farndon,6352017143,04 Saint Paul Circle,Asaita,CF10 1XT,14:38:05,07/30/22
Chef - Chinese,Yetty,Matysiak,6445992020,345 Lakewood Plaza,San Fernando del Valle de Catamarca,CF10 1XZ,13:32:11,01/09/23
Chef - Chinese,Far,Pollins,1979980160,9 Walton Center,Kopparberg,CF10 1YA,14:47:51,08/19/22
Chef - Chinese,Hussein,Colyer,8214516849,3326 Shopko Parkway,Aroroy,CF10 1YG,16:48:19,06/22/22
Chef - Chinese,Elladine,Calterone,7352459320,51 Kinsman Terrace,Quzi,CF10 2AA,11:44:54,07/22/22
Chef - Chinese,Leta,Stranks,8771469768,430 Scott Plaza,GuacarÃ­,CF10 2AF,23:32:09,12/25/22
Chef - Chinese,Ellis,Taill,4153470083,6688 Pankratz Center,Provins,CF10 2AG,16:20:46,11/14/22
Chef - Chinese,Claus,Oblein,8772136246,4421 Village Point,Kaiaf,CF10 2AQ,22:13:50,06/09/22
Chef - Chinese,Annette,Wigginton,9887914696,8779 Northwestern Park,Chiguang,CF10 2AR,08:36:14,06/12/22
Chef - Chinese,Lizzy,Gath,3774391595,48 Blackbird Road,Runaway Bay,CF10 2AS,12:48:28,01/29/23
Chef - Chinese,Fonz,Lorraine,4137711198,6 Talmadge Drive,Kamo,CF10 2AT,03:41:30,07/21/22
Chef - Chinese,Avrit,Prandini,9194293034,20 Dryden Circle,Ningzhong,CF10 2BE,10:47:07,06/09/22
Chef - Chinese,Abagael,Wyre,6799781015,1148 Dennis Pass,Dianshui,CF10 2BG,07:51:31,09/22/22
Chef - Chinese,Aeriela,Tregona,7541051445,90 Bellgrove Trail,Batujaran,CF10 2BH,02:26:38,12/16/22
Chef - Chinese,Eudora,D'Andrea,6158817801,5 Meadow Vale Crossing,Quba,CF10 2BJ,22:05:30,09/30/22
Chef - Chinese,Millicent,Margerison,8036931674,685 Tomscot Street,Taoyuan,CF10 2BU,08:37:30,01/30/23
Chef - Chinese,Sari,Server,8789381823,15792 Maryland Lane,Dokri,CF10 2BW,22:17:23,11/09/22
Chef - Chinese,Nance,Keep,4123591766,6478 Doe Crossing Terrace,Pittsburgh,CF10 2BX,10:47:06,03/14/22
Chef - Chinese,Mela,Schulken,4215113023,0250 Jenifer Court,PiastÃ³w,CF10 2BY,05:34:01,06/07/22
Chef - Chinese,Calypso,Patzelt,3058201061,82 Rockefeller Street,May Pen,CF10 2DB,08:24:00,07/29/22
Chef - Chinese,Lavina,Lippini,8447862425,29 Linden Center,Zarya,CF10 2DP,21:21:23,09/29/22
Chef - Chinese,Gizela,Sandeford,4628756662,995 Russell Place,Shuangqiao,CF10 2DQ,23:39:18,08/11/22
Chef - Chinese,Retha,Savory,5496842704,9 Oak Circle,ZadnÃ­ Mostek,CF10 2DS,15:25:31,09/13/22
Chef - Chinese,Trevor,Talman,2093393562,53 Forest Road,Tuntum,CF10 2DW,08:58:19,11/20/22
Chef - Chinese,Austine,Nazer,5962179685,7 Grasskamp Center,GrÃ¤nna,CF10 2DX,06:58:20,05/03/22
Chef - Chinese,Cecilio,Hardistry,9037568075,7183 Packers Terrace,Gijon,CF10 2DY,00:45:59,08/13/22
Chef - Chinese,Issi,Lemmens,7955828858,40592 Hayes Place,Conqueiros,CF10 2DZ,00:18:12,09/25/22
Chef - Italian,Eb,Rowles,3373522043,51 Coolidge Trail,Bantarpanjang,CF10 2EA,00:09:10,05/31/22
Chef - Italian,Larina,Parrot,7529236139,5830 Judy Lane,Xingpinglu,CF10 2EE,13:01:09,10/30/22
Chef - Italian,Lou,Oswell,8876557326,6805 Holy Cross Place,Uluale,CF10 2EF,19:56:04,03/28/22
Chef - Italian,Son,Chestle,3729772993,5 Arizona Terrace,Bulgan,CF10 2EH,21:06:42,01/31/23
Chef - Italian,Tobiah,Nuschke,2621654491,1 Pond Crossing,KylmÃ¤koski,CF10 2EJ,15:58:02,07/17/22
Chef - Italian,Nonna,McMychem,7849647926,85 Luster Street,TÃ©ra,CF10 2EL,23:55:28,09/07/22
Chef - Italian,Gaile,Lefley,3165964104,004 Morrow Avenue,Tomakivka,CF10 2EN,17:42:47,05/20/22
Chef - Italian,Ella,Bonnyson,9488238777,3 Hayes Parkway,SidirÃ³kastro,CF10 2EP,21:06:51,07/03/22
Chef - Italian,Beulah,Keppel,7279528536,11058 Sunbrook Circle,Nafada,CF10 2EQ,18:15:14,11/28/22
Chef - Italian,Ryley,Semmens,8786930775,41 Chive Lane,GielniÃ³w,CF10 2ER,13:23:31,03/01/23
Chef - Italian,Adelaide,Darlasson,5623237098,6 Bluestem Junction,Chadian,CF10 2EW,06:32:28,05/21/22
Chef - Italian,Blaire,Salvadori,8953887205,81155 Debs Plaza,Ash Shuqayrah,CF10 2EY,14:03:58,07/08/22
Chef - Italian,Milly,Empleton,8168900239,30315 Packers Drive,Bachowice,CF10 2EZ,20:22:26,07/17/22
Chef - Italian,Gavrielle,McCullagh,4816323261,1 Derek Court,SÃ¤ffle,CF10 2FE,21:26:43,01/06/23
Chef - Italian,Wilek,Dillistone,2743536972,0485 Moulton Alley,Man,CF10 2FF,17:53:12,07/31/22
Chef - Italian,Laureen,De Goey,5916422599,0 Oriole Avenue,Laguna Salada,CF10 2FG,05:45:48,02/11/23
Chef - Italian,Matthias,Arnecke,4641228479,5 Little Fleur Point,GoubÃ©tto,CF10 2FH,23:48:19,06/25/22
Chef - Italian,Karlee,Witter,4582999007,6484 Clove Park,LeÅ¡tina,CF10 2FJ,15:44:20,10/10/22
Chef - Italian,Franky,Eastes,3017433987,222 Kipling Trail,Siliana,CF10 2FL,05:50:24,02/05/23
Chef - Italian,Jarad,Ostrich,3751028049,77 Randy Terrace,Usukhchay,CF10 2FP,01:18:54,04/11/22
Chef - Italian,Leilah,Bebis,5335577174,09 Muir Lane,Heyan,CF10 2FQ,06:35:57,09/02/22
Chef - Italian,Rhiamon,Pirson,8977793046,1 Gina Plaza,Laxiong,CF10 2FR,21:04:14,04/11/22
Chef - Italian,Todd,Mycroft,1699198997,99 Dennis Plaza,SÃ£o Joaquim da Barra,CF10 2FY,08:51:57,12/28/22
Chef - Italian,Dasha,Coldwell,1878213180,99 Derek Crossing,Kakuda,CF10 2GA,04:23:15,09/01/22
Chef - Italian,Yolande,Maydway,5585622341,7 Atwood Avenue,Buray,CF10 2GB,04:12:52,06/14/22
Chef - Italian,Hermy,Quixley,7103547269,057 Prentice Plaza,Zala,CF10 2GE,13:09:34,09/26/22
Chef - Italian,Claire,Dikes,4628491501,45 Jenifer Park,MÃ©rtola,CF10 2GF,14:55:01,05/29/22
Chef - Italian,Noni,Hancorn,6906915352,424 La Follette Parkway,KrÃ©stena,CF10 2GG,19:21:13,11/05/22
Chef - Italian,Abelard,Aylwin,5289955179,0694 Sommers Parkway,Khok Charoen,CF10 2GL,12:36:29,01/30/23
Chef - Italian,Karin,Cron,6221586594,7088 Hayes Place,Amboise,CF10 2GP,09:11:52,07/28/22
Chef - Italian,Shirleen,Swayte,6793888838,0042 Stephen Drive,Maloma,CF10 2GQ,11:21:58,09/21/22
Chef - Italian,Adelice,Alderwick,3048401656,16 Knutson Plaza,Proletarsk,CF10 2GR,06:45:09,04/16/22
Chef - Italian,Jaquith,Fozard,9314361645,77372 Gateway Street,Izyum,CF10 2GS,16:41:58,03/21/22
Chef - French,Horst,Laird-Craig,7047541191,96 Roxbury Avenue,Guanqian,CF10 2HA,20:29:07,10/09/22
Chef - French,Linn,Sever,4156529945,29 Loomis Court,Pangalangan,CF10 2HD,13:17:47,10/08/22
Chef - French,Monro,Charville,2045764689,217 Monterey Junction,Karamat,CF10 2HE,19:09:32,12/24/22
Chef - French,Haily,Portch,7207691099,5 4th Court,Al FÄkhÅ«rah,CF10 2HH,14:45:56,02/16/23
Chef - French,Marcy,Trustey,7006809214,51909 Talisman Street,Kota Kinabalu,CF10 2HL,14:04:38,09/12/22
Chef - French,Janetta,Emmett,8876500100,0611 Carberry Hill,Partizan,CF10 2HQ,00:22:53,11/24/22
Chef - French,Maurise,Friend,2858336432,4953 Grasskamp Place,Moste,CF10 2HR,06:02:02,03/04/23
Chef - French,Didi,Graffin,5128045741,10293 Waxwing Alley,Austin,CF10 2HS,00:12:26,08/03/22
Chef - French,Drusy,Bemlott,5856676932,114 Meadow Ridge Plaza,Ramadi,CF10 2HT,11:14:21,11/09/22
Chef - French,Pearl,Sotheron,1192428303,1213 Northview Trail,SuzÃ«mka,CF10 2HU,09:12:44,01/02/23
Chef - French,Rutledge,Byard,9672846658,3 Knutson Crossing,Heshe,CF10 2JH,08:19:09,10/01/22
Chef - French,Phelia,Risdale,8557432351,2 Morning Court,á¸ŽÃ¢nan,CF10 2LE,19:25:59,01/08/23
Chef - French,Faythe,Robelet,8252879122,77071 Helena Plaza,SÃ£o Mateus do MaranhÃ£o,CF10 2NX,03:05:14,02/04/23
Chef - French,Violante,Barnewelle,9354816460,16 Ilene Park,Utkivka,CF10 2PB,04:05:42,12/24/22
Chef - French,Honor,Trevaskiss,2787527965,6 Waubesa Street,Cibangban Girang,CF10 2PX,06:01:41,05/12/22
Chef - French,Zilvia,Dorcey,6951795972,9 Carioca Pass,Cartagena,CF10 2RG,06:47:56,06/10/22
Chef - Indian,Adham,Dockrill,6613316594,19887 Raven Park,Longzhouwan,CF10 2SF,07:27:43,01/29/23
Chef - Indian,Weylin,Fridlington,8044498879,59 Swallow Crossing,Piraju,CF10 2TH,18:21:45,09/14/22
Chef - Indian,Melli,Caveney,2539505002,167 Carioca Crossing,Haysyn,CF10 2TJ,09:31:21,06/21/22
Chef - Indian,Cathrine,Biggins,1865240429,39 Dapin Street,Mapaniqui,CF10 2TP,14:21:11,06/09/22
Chef - Indian,Jeanine,Woodall,9054955935,545 Mifflin Crossing,Hemudu,CF10 2TQ,01:36:31,10/15/22
Chef - Indian,Brenn,McGlade,2567094946,05 Lerdahl Point,Shishan,CF10 2TR,02:27:35,10/23/22
Chef - Indian,Kelci,Beebee,5456348449,8216 Mifflin Park,Mogapi,CF10 2TT,10:12:47,09/04/22
Chef - Indian,Mallory,Clint,6302282541,7935 Dahle Avenue,Anjepy,CF10 2TU,19:04:16,07/08/22
Chef - Indian,Horatia,Dannatt,1592002140,5268 Rieder Avenue,AnastÃ¡cio,CF10 2TW,01:52:03,09/25/22
Chef - Indian,Amby,Morcom,5615656533,83 1st Trail,Mendoza,CF10 2TZ,09:49:56,05/06/22
Chef - Indian,Bendick,Kivelhan,5754732198,0265 4th Street,Liure,CF10 2UB,21:59:52,09/02/22
Chef - Indian,Priscilla,Tarr,4202252151,8 Pankratz Terrace,Ducheng,CF10 2UD,23:30:24,09/27/22
Chef - Indian,Merv,Gilyatt,2879239217,692 Eastwood Place,Å˜eÄany nad Labem,CF10 2UF,05:54:37,03/31/22
Receptionist,Meryl,Axleby,7733156460,13764 Elka Center,Huyang,CF10 2WG,06:51:32,11/15/22
Receptionist,Michelina,Guard,6295664654,11 Northwestern Place,Fianarantsoa,CF10 2WT,02:16:58,12/22/22
Receptionist,Leyla,Lummus,8754796904,58 Crowley Street,Cabean,CF10 2XF,22:07:13,04/21/22
Receptionist,Merrily,Palfreman,9835636533,49904 Dawn Pass,Kaiyun,CF10 2XG,23:42:57,06/20/22
Receptionist,Corey,Mechic,9815481635,297 Vahlen Lane,Gongqiao,CF10 2XU,04:10:20,06/08/22
Receptionist,Erica,MacMoyer,6214395565,57317 Del Sol Point,Lautaro,CF10 2YA,07:58:48,06/29/22
Receptionist,Early,Labroue,8293879531,0 Annamark Point,Kumberg,CF10 2YG,09:27:59,05/18/22
Receptionist,Brett,Gilgryst,9202513181,73740 Golf Place,Jambesari,CF10 2YH,03:23:08,12/10/22
Receptionist,Corliss,Hacking,7314889246,521 Bartillon Center,VineÅ¾,CF10 3AD,14:09:03,02/24/23
Receptionist,Karlotta,Dufaur,6757986995,304 Stone Corner Crossing,Qunsheng,CF10 3AE,19:24:23,08/17/22
Receptionist,Junina,Vereker,8833730843,3442 Elgar Road,Fukumitsu,CF10 3AF,06:53:04,08/15/22
Receptionist,North,Arkley,6877949510,3 Starling Crossing,BiaÅ‚aczÃ³w,CF10 3AG,11:12:12,05/03/22
Receptionist,Lizette,Guidotti,2585853820,7763 Melrose Junction,Condega,CF10 3AL,09:30:42,07/20/22
Receptionist,Antonin,Eddy,9856967166,274 Coleman Park,Jayune,CF10 3AN,23:54:04,07/28/22
Receptionist,Pooh,Aldin,2506085061,5061 Holy Cross Court,Zhashkiv,CF10 3AP,17:46:18,04/28/22
Receptionist,Fernande,Hullins,9438740072,7455 Redwing Plaza,Malibago,CF10 3AQ,05:21:17,06/29/22
Receptionist,Janie,Pieters,5376500596,7827 Dorton Center,SaÃ±gay,CF10 3AR,00:42:58,07/05/22
Receptionist,Welsh,McKelloch,1966381615,200 Thierer Crossing,Bandaran,CF10 3AS,03:46:09,01/30/23
Receptionist,Simmonds,Kiss,3879784885,1 Macpherson Park,Muromtsevo,CF10 3AT,13:15:58,07/18/22
Receptionist,Christin,Pesik,6233874798,40526 Michigan Center,Ibarra,CF10 3AW,18:45:23,03/29/22
Receptionist,Michal,Piele,9776670160,0 Sycamore Road,Catende,CF10 3AX,18:18:50,04/08/22
Receptionist,Saunderson,Tackes,1876693402,160 Marcy Alley,Nizhnyaya Tavda,CF10 3AY,07:01:46,09/17/22
Receptionist,Nappy,Ivanisov,9491404893,9 Upham Point,Dayong,CF10 3BA,17:48:56,01/14/23
Receptionist,Drud,Bewsey,3453393610,0 Dottie Pass,Yono,CF10 3BB,21:59:05,01/24/23
Receptionist,Karlens,Vynehall,6089369952,387 Summit Avenue,Yulao,CF10 3BD,11:41:24,02/21/23
Receptionist,Juanita,Van den Bosch,8077702842,70 Corben Center,Krotoszyn,CF10 3BE,07:38:30,07/17/22
Receptionist,Mitzi,Alven,8914536738,7603 Monterey Alley,Stonewall,CF10 3BF,13:41:31,09/20/22
Receptionist,Scott,McCrie,9251343288,6236 Menomonie Park,Xiongjia,CF10 3BG,06:42:32,04/01/22
Receptionist,Agneta,Charles,5856436406,67 Hintze Alley,Rochester,CF10 3BH,16:08:45,01/21/23
Receptionist,Tildy,Postlewhite,3192269005,465 Oak Valley Lane,Shangping,CF10 3BJ,15:38:19,08/25/22
Receptionist,Nettle,Orlton,6505250722,74 Steensland Trail,Alapayevsk,CF10 3BN,09:42:19,11/06/22
Receptionist,Filia,Dunne,2154020590,34 Oak Point,Uzdin,CF10 3BQ,22:13:05,04/04/22
Receptionist,Christalle,Ilieve,7058393276,49 Mcbride Park,Hirosaki,CF10 3BS,06:02:48,12/18/22
Receptionist,Mechelle,Berre,4959485997,1 Butternut Hill,Aranhas,CF10 3BW,01:32:36,07/19/22
Receptionist,Janey,Goozee,8481853984,8072 Stone Corner Place,Bykhaw,CF10 3BX,02:27:59,01/18/23
Receptionist,Mano,Cotterrill,2416250826,54 Fairview Street,Thá»‹ Tráº¥n,CF10 3BY,10:18:05,06/21/22
Receptionist,Ailina,Tinkler,7097138722,43399 Kropf Road,Khorugh,CF10 3BZ,22:36:06,06/19/22
Receptionist,Cly,Arnaldy,3307186444,73 Jackson Way,Kaná¸ay,CF10 3DA,03:19:49,08/24/22
Receptionist,Harwilll,Pitcock,5105820652,44 Ramsey Way,ChasÅng,CF10 3DB,22:06:30,09/09/22
Receptionist,Fidole,Kite,3528085429,41 Laurel Point,Mwembe,CF10 3DD,22:36:43,11/03/22
Receptionist,Angy,Bonfield,6887683320,65609 Derek Park,Padamulya,CF10 3DF,17:36:43,05/14/22
Receptionist,Danica,Beacon,7258253314,222 Macpherson Place,Nanterre,CF10 3DG,09:20:17,10/21/22
Receptionist,Kaye,Gullefant,6006719492,038 Summerview Place,BelÃ©n Gualcho,CF10 3DJ,00:36:24,12/04/22
Receptionist,Germain,Dunlap,8311153208,00 Del Mar Street,Bolhos,CF10 3DN,09:50:52,11/22/22
Receptionist,Ddene,Pirri,6036593422,522 Del Sol Street,Dobra,CF10 3DP,16:48:25,11/22/22
Receptionist,Clywd,Kagan,8561365349,571 Atwood Road,Cucutilla,CF10 3DQ,20:58:14,11/07/22
Receptionist,Jere,Sissland,9871128148,89336 Arapahoe Way,Yangsi,CF10 3DU,06:23:52,05/02/22
Receptionist,Rubi,Harle,9223168615,3 Novick Avenue,Pereiro,CF10 3DW,01:18:25,02/04/23
Receptionist,Vilhelmina,Baseley,7046476504,4081 Express Center,San Vicente,CF10 3DX,13:04:46,11/25/22
Receptionist,Garrik,Code,4323151087,637 Sullivan Road,Haibara,CF37 1DL,10:42:38,12/06/22
